<application>
  <component name="libraryTable">
    <library name="scala-sdk-2.13.0" type="Scala">
      <properties>
        <language-level>Scala_2_13</language-level>
        <compiler-classpath>
          <root url="file://D:/DvlTools/scala/install/lib/scala-compiler.jar" />
          <root url="file://D:/DvlTools/scala/install/lib/scala-library.jar" />
          <root url="file://D:/DvlTools/scala/install/lib/scala-reflect.jar" />
        </compiler-classpath>
      </properties>
      <CLASSES>
        <root url="jar://D:/DvlTools/scala/install/lib/scala-library.jar!/" />
        <root url="jar://D:/DvlTools/scala/install/lib/scala-reflect.jar!/" />
      </CLASSES>
      <JAVADOC>
        <root url="http://www.scala-lang.org/api/2.13.0/" />
      </JAVADOC>
      <SOURCES />
    </library>
  </component>
</application>