<application>
  <component name="ProjectManager">
    <defaultProject>
      <component name="DefaultGradleProjectSettings">
        <option name="isMigrated" value="true" />
      </component>
      <component name="GradleLocalSettings">
        <option name="projectSyncType">
          <map>
            <entry key="E:/ideaWorkSpace/CiccStock/CiccStockService/trunk" value="PREVIEW" />
            <entry key="E:/ideaWorkSpace/CiccStockService/trunk" value="PREVIEW" />
            <entry key="E:/ideaWorkSpace/ecfstockServiceEcplise/EcfStockService" value="PREVIEW" />
            <entry key="E:/ideaWorkSpace/ecfstockservice/EcfStockService" value="PREVIEW" />
            <entry key="E:/ideaWorkSpace/grpcforecf/grpcForEcf" value="PREVIEW" />
            <entry key="E:/ideaWorkSpace/micro-demo/WzqStockService/trunk" value="PREVIEW" />
            <entry key="E:/ideaWorkSpace/micro-demo/trunk" value="PREVIEW" />
            <entry key="E:/workSpace/webtrade/TestGRPC-tradeserver_tls_clean/tradeserver" value="PREVIEW" />
          </map>
        </option>
      </component>
      <component name="PropertiesComponent">
        <property name="nodejs_interpreter_path.stuck_in_default_project" value="undefined stuck path" />
        <property name="nodejs_npm_path_reset_for_default_project" value="true" />
      </component>
      <component name="masterDetails">
        <states>
          <state key="ProjectJDKs.UI">
            <settings>
              <last-edited>1.8</last-edited>
              <splitter-proportions>
                <option name="proportions">
                  <list>
                    <option value="0.2" />
                  </list>
                </option>
              </splitter-proportions>
            </settings>
          </state>
        </states>
      </component>
    </defaultProject>
  </component>
</application>