<application>
  <component name="KeyPromoterXStatistic">
    <option name="statistics">
      <Statistic Action="Actual Size">
        <Item>
          <IdeaActionID>Graph.ActualSize</IdeaActionID>
          <ShortCut>'Ctrl+NumPad /' or 'Ctrl+/'</ShortCut>
          <Description>Actual Size</Description>
          <Count>3</Count>
        </Item>
      </Statistic>
      <Statistic Action="Add">
        <Item>
          <IdeaActionID>Git.Add</IdeaActionID>
          <ShortCut>'Ctrl+Alt+A'</ShortCut>
          <Description>Add</Description>
          <Count>1</Count>
        </Item>
      </Statistic>
      <Statistic Action="Apply Current Layout">
        <Item>
          <IdeaActionID>Graph.ApplyCurrentLayout</IdeaActionID>
          <ShortCut>'F5'</ShortCut>
          <Description>Apply Current Layout</Description>
          <Count>18</Count>
        </Item>
      </Statistic>
      <Statistic Action="Attach to Process...">
        <Item>
          <IdeaActionID>XDebugger.AttachToProcess</IdeaActionID>
          <ShortCut>'Ctrl+Alt+F5'</ShortCut>
          <Description>Attach to Process...</Description>
          <Count>3</Count>
        </Item>
      </Statistic>
      <Statistic Action="Back">
        <Item>
          <IdeaActionID>Back</IdeaActionID>
          <ShortCut>'Alt+向左箭头'</ShortCut>
          <Description>Back</Description>
          <Count>1</Count>
        </Item>
      </Statistic>
      <Statistic Action="Base on This Interface">
        <Item>
          <IdeaActionID>TypeHierarchyBase.BaseOnThisType</IdeaActionID>
          <ShortCut>'F4'</ShortCut>
          <Description>Base on This Interface</Description>
          <Count>1</Count>
        </Item>
      </Statistic>
      <Statistic Action="Build Project">
        <Item>
          <IdeaActionID>CompileDirty</IdeaActionID>
          <ShortCut>'Ctrl+F9' or 'Ctrl+B'</ShortCut>
          <Description>Build Project</Description>
          <Count>4</Count>
        </Item>
      </Statistic>
      <Statistic Action="Close">
        <Item>
          <IdeaActionID>CloseContent</IdeaActionID>
          <ShortCut>'Ctrl+F4' or 'Ctrl+W'</ShortCut>
          <Description>Close</Description>
          <Count>9</Count>
        </Item>
      </Statistic>
      <Statistic Action="Close All">
        <Item>
          <IdeaActionID>CloseAllEditors</IdeaActionID>
          <ShortCut>'Ctrl+Shift+F4' or 'Ctrl+Shift+W'</ShortCut>
          <Description>Close All</Description>
          <Count>1</Count>
        </Item>
      </Statistic>
      <Statistic Action="Collapse Nodes">
        <Item>
          <IdeaActionID>Uml.CollapseNodes</IdeaActionID>
          <ShortCut>'C'</ShortCut>
          <Description>Collapse Nodes</Description>
          <Count>1</Count>
        </Item>
      </Statistic>
      <Statistic Action="Copy">
        <Item>
          <IdeaActionID>$Copy</IdeaActionID>
          <ShortCut>'Ctrl+C' or 'Ctrl+Insert'</ShortCut>
          <Description>Copy</Description>
          <Count>11</Count>
        </Item>
      </Statistic>
      <Statistic Action="Copy Path">
        <Item>
          <IdeaActionID>CopyPaths</IdeaActionID>
          <ShortCut>'Ctrl+Shift+C'</ShortCut>
          <Description>Copy Path</Description>
          <Count>1</Count>
        </Item>
      </Statistic>
      <Statistic Action="Copy Reference">
        <Item>
          <IdeaActionID>CopyReference</IdeaActionID>
          <ShortCut>'Ctrl+Alt+Shift+C'</ShortCut>
          <Description>Copy Reference</Description>
          <Count>2</Count>
        </Item>
      </Statistic>
      <Statistic Action="Copy Value">
        <Item>
          <IdeaActionID>XDebugger.CopyValue</IdeaActionID>
          <ShortCut>'Ctrl+C' or 'Ctrl+Insert'</ShortCut>
          <Description>Copy Value</Description>
          <Count>9</Count>
        </Item>
      </Statistic>
      <Statistic Action="Debug">
        <Item>
          <IdeaActionID>ActivateDebugToolWindow</IdeaActionID>
          <ShortCut>'Alt+5'</ShortCut>
          <Description>Debug</Description>
          <Count>109</Count>
        </Item>
      </Statistic>
      <Statistic Action="Debug 'EcfStockService [bootRun]'">
        <Item>
          <IdeaActionID>Debug</IdeaActionID>
          <ShortCut>'Alt+Shift+D' or 'Shift+F9'</ShortCut>
          <Description>Debug 'EcfStockService [bootRun]'</Description>
          <Count>1</Count>
        </Item>
      </Statistic>
      <Statistic Action="Debug 'NetWordCount'">
        <Item>
          <IdeaActionID>Debug</IdeaActionID>
          <ShortCut>'Alt+Shift+D' or 'Shift+F9'</ShortCut>
          <Description>Debug 'NetWordCount'</Description>
          <Count>5</Count>
        </Item>
      </Statistic>
      <Statistic Action="Debug 'SpringBootCaffeineCacheApplication'">
        <Item>
          <IdeaActionID>Debug</IdeaActionID>
          <ShortCut>'Alt+Shift+D' or 'Shift+F9'</ShortCut>
          <Description>Debug 'SpringBootCaffeineCacheApplication'</Description>
          <Count>7</Count>
        </Item>
      </Statistic>
      <Statistic Action="Debug 'StreamingWordCount'">
        <Item>
          <IdeaActionID>Debug</IdeaActionID>
          <ShortCut>'Alt+Shift+D' or 'Shift+F9'</ShortCut>
          <Description>Debug 'StreamingWordCount'</Description>
          <Count>1</Count>
        </Item>
      </Statistic>
      <Statistic Action="Debug 'WordCount2'">
        <Item>
          <IdeaActionID>Debug</IdeaActionID>
          <ShortCut>'Alt+Shift+D' or 'Shift+F9'</ShortCut>
          <Description>Debug 'WordCount2'</Description>
          <Count>4</Count>
        </Item>
      </Statistic>
      <Statistic Action="Debug 'trunk [bootRun]'">
        <Item>
          <IdeaActionID>Debug</IdeaActionID>
          <ShortCut>'Alt+Shift+D' or 'Shift+F9'</ShortCut>
          <Description>Debug 'trunk [bootRun]'</Description>
          <Count>40</Count>
        </Item>
      </Statistic>
      <Statistic Action="Debug 'trunk [clean]'">
        <Item>
          <IdeaActionID>Debug</IdeaActionID>
          <ShortCut>'Alt+Shift+D' or 'Shift+F9'</ShortCut>
          <Description>Debug 'trunk [clean]'</Description>
          <Count>3</Count>
        </Item>
      </Statistic>
      <Statistic Action="Declaration">
        <Item>
          <IdeaActionID>GotoDeclaration</IdeaActionID>
          <ShortCut>'Ctrl+B'</ShortCut>
          <Description>Declaration</Description>
          <Count>1060</Count>
        </Item>
      </Statistic>
      <Statistic Action="Delete...">
        <Item>
          <IdeaActionID>$Delete</IdeaActionID>
          <ShortCut>'Delete'</ShortCut>
          <Description>Delete...</Description>
          <Count>6</Count>
        </Item>
      </Statistic>
      <Statistic Action="Detach Gradle project">
        <Item>
          <IdeaActionID>ExternalSystem.DetachProject</IdeaActionID>
          <ShortCut>'Delete'</ShortCut>
          <Description>Detach Gradle project</Description>
          <Count>1</Count>
        </Item>
      </Statistic>
      <Statistic Action="Evaluate Expression...">
        <Item>
          <IdeaActionID>EvaluateExpression</IdeaActionID>
          <ShortCut>'Alt+F8'</ShortCut>
          <Description>Evaluate Expression...</Description>
          <Count>4</Count>
        </Item>
      </Statistic>
      <Statistic Action="Expand All">
        <Item>
          <IdeaActionID>ExpandAll</IdeaActionID>
          <ShortCut>'Ctrl+NumPad +' or 'Ctrl+='</ShortCut>
          <Description>Expand All</Description>
          <Count>10</Count>
        </Item>
      </Statistic>
      <Statistic Action="Expand Nodes">
        <Item>
          <IdeaActionID>Uml.ExpandNodes</IdeaActionID>
          <ShortCut>'E'</ShortCut>
          <Description>Expand Nodes</Description>
          <Count>5</Count>
        </Item>
      </Statistic>
      <Statistic Action="Favorites">
        <Item>
          <IdeaActionID>ActivateFavoritesToolWindow</IdeaActionID>
          <ShortCut>'Alt+2'</ShortCut>
          <Description>Favorites</Description>
          <Count>3</Count>
        </Item>
      </Statistic>
      <Statistic Action="File Path">
        <Item>
          <IdeaActionID>ShowFilePath</IdeaActionID>
          <ShortCut>'Ctrl+Alt+F12'</ShortCut>
          <Description>File Path</Description>
          <Count>1</Count>
        </Item>
      </Statistic>
      <Statistic Action="Find Usages">
        <Item>
          <IdeaActionID>FindUsages</IdeaActionID>
          <ShortCut>'Alt+F7'</ShortCut>
          <Description>Find Usages</Description>
          <Count>1</Count>
        </Item>
      </Statistic>
      <Statistic Action="Force Step Into">
        <Item>
          <IdeaActionID>ForceStepInto</IdeaActionID>
          <ShortCut>'Alt+Shift+F7'</ShortCut>
          <Description>Force Step Into</Description>
          <Count>3</Count>
        </Item>
      </Statistic>
      <Statistic Action="Generate...">
        <Item>
          <IdeaActionID>Generate</IdeaActionID>
          <ShortCut>'Alt+Insert'</ShortCut>
          <Description>Generate...</Description>
          <Count>2</Count>
        </Item>
      </Statistic>
      <Statistic Action="GoTo">
        <Item>
          <IdeaActionID>GotoDeclaration</IdeaActionID>
          <ShortCut>'F3'</ShortCut>
          <Description>GoTo</Description>
          <Count>1544</Count>
        </Item>
      </Statistic>
      <Statistic Action="Hide All Windows">
        <Item>
          <IdeaActionID>HideAllWindows</IdeaActionID>
          <ShortCut>'Ctrl+Shift+F12'</ShortCut>
          <Description>Hide All Windows</Description>
          <Count>34</Count>
        </Item>
      </Statistic>
      <Statistic Action="Home Directory">
        <Item>
          <IdeaActionID>FileChooser.GotoHome</IdeaActionID>
          <ShortCut>'Ctrl+1'</ShortCut>
          <Description>Home Directory</Description>
          <Count>1</Count>
        </Item>
      </Statistic>
      <Statistic Action="Jump to Source">
        <Item>
          <IdeaActionID>EditSource</IdeaActionID>
          <ShortCut>'F12' or 'Ctrl+Shift+E'</ShortCut>
          <Description>Jump to Source</Description>
          <Count>2</Count>
        </Item>
      </Statistic>
      <Statistic Action="Messages">
        <Item>
          <IdeaActionID>ActivateMessagesToolWindow</IdeaActionID>
          <ShortCut>'Alt+0'</ShortCut>
          <Description>Messages</Description>
          <Count>8</Count>
        </Item>
      </Statistic>
      <Statistic Action="New Watch...">
        <Item>
          <IdeaActionID>XDebugger.NewWatch</IdeaActionID>
          <ShortCut>'Insert'</ShortCut>
          <Description>New Watch...</Description>
          <Count>2</Count>
        </Item>
      </Statistic>
      <Statistic Action="Optimize Imports">
        <Item>
          <IdeaActionID>OptimizeImports</IdeaActionID>
          <ShortCut>'Ctrl+Alt+O' or 'Ctrl+Shift+O'</ShortCut>
          <Description>Optimize Imports</Description>
          <Count>2</Count>
        </Item>
      </Statistic>
      <Statistic Action="Paste">
        <Item>
          <IdeaActionID>$Paste</IdeaActionID>
          <ShortCut>'Ctrl+V' or 'Shift+Insert'</ShortCut>
          <Description>Paste</Description>
          <Count>1</Count>
        </Item>
      </Statistic>
      <Statistic Action="Project">
        <Item>
          <IdeaActionID>ActivateProjectToolWindow</IdeaActionID>
          <ShortCut>'Alt+1'</ShortCut>
          <Description>Project</Description>
          <Count>54</Count>
        </Item>
      </Statistic>
      <Statistic Action="Project Structure...">
        <Item>
          <IdeaActionID>ShowProjectStructureSettings</IdeaActionID>
          <ShortCut>'Ctrl+Alt+Shift+S'</ShortCut>
          <Description>Project Structure...</Description>
          <Count>24</Count>
        </Item>
      </Statistic>
      <Statistic Action="Remove Module">
        <Item>
          <IdeaActionID>$Delete</IdeaActionID>
          <ShortCut>'Delete'</ShortCut>
          <Description>Remove Module</Description>
          <Count>10</Count>
        </Item>
      </Statistic>
      <Statistic Action="Rename...">
        <Item>
          <IdeaActionID>RenameElement</IdeaActionID>
          <ShortCut>'Alt+Shift+R'</ShortCut>
          <Description>Rename...</Description>
          <Count>27</Count>
        </Item>
      </Statistic>
      <Statistic Action="Rerun ':bootRun'">
        <Item>
          <IdeaActionID>Rerun</IdeaActionID>
          <ShortCut>'Ctrl+F5'</ShortCut>
          <Description>Rerun ':bootRun'</Description>
          <Count>3</Count>
        </Item>
      </Statistic>
      <Statistic Action="Rerun 'Scala Console'">
        <Item>
          <IdeaActionID>Rerun</IdeaActionID>
          <ShortCut>'Ctrl+F11'</ShortCut>
          <Description>Rerun 'Scala Console'</Description>
          <Count>1</Count>
        </Item>
      </Statistic>
      <Statistic Action="Rerun 'TradeClient'">
        <Item>
          <IdeaActionID>Rerun</IdeaActionID>
          <ShortCut>'Ctrl+F11'</ShortCut>
          <Description>Rerun 'TradeClient'</Description>
          <Count>1</Count>
        </Item>
      </Statistic>
      <Statistic Action="Rerun 'pid 9116'">
        <Item>
          <IdeaActionID>Rerun</IdeaActionID>
          <ShortCut>'Ctrl+F5'</ShortCut>
          <Description>Rerun 'pid 9116'</Description>
          <Count>1</Count>
        </Item>
      </Statistic>
      <Statistic Action="Rerun 'trunk [bootRun]'">
        <Item>
          <IdeaActionID>Rerun</IdeaActionID>
          <ShortCut>'Ctrl+F5'</ShortCut>
          <Description>Rerun 'trunk [bootRun]'</Description>
          <Count>2</Count>
        </Item>
      </Statistic>
      <Statistic Action="Restore Windows">
        <Item>
          <IdeaActionID>HideAllWindows</IdeaActionID>
          <ShortCut>'Ctrl+Shift+F12'</ShortCut>
          <Description>Restore Windows</Description>
          <Count>21</Count>
        </Item>
      </Statistic>
      <Statistic Action="Resume Program">
        <Item>
          <IdeaActionID>Resume</IdeaActionID>
          <ShortCut>'F9'</ShortCut>
          <Description>Resume Program</Description>
          <Count>1027</Count>
        </Item>
      </Statistic>
      <Statistic Action="Revert...">
        <Item>
          <IdeaActionID>ChangesView.Revert</IdeaActionID>
          <ShortCut>'Ctrl+Alt+Z'</ShortCut>
          <Description>Revert...</Description>
          <Count>1</Count>
        </Item>
      </Statistic>
      <Statistic Action="Run">
        <Item>
          <IdeaActionID>ActivateRunToolWindow</IdeaActionID>
          <ShortCut>'Alt+4'</ShortCut>
          <Description>Run</Description>
          <Count>9</Count>
        </Item>
      </Statistic>
      <Statistic Action="Run 'ArrayDemo'">
        <Item>
          <IdeaActionID>Run</IdeaActionID>
          <ShortCut>'Alt+Shift+X' or 'Shift+F10'</ShortCut>
          <Description>Run 'ArrayDemo'</Description>
          <Count>4</Count>
        </Item>
      </Statistic>
      <Statistic Action="Run 'DateFormatTests'">
        <Item>
          <IdeaActionID>RunClass</IdeaActionID>
          <ShortCut>'Ctrl+Shift+F10'</ShortCut>
          <Description>Run 'DateFormatTests'</Description>
          <Count>1</Count>
        </Item>
      </Statistic>
      <Statistic Action="Run 'ForArrayDemo'">
        <Item>
          <IdeaActionID>Run</IdeaActionID>
          <ShortCut>'Alt+Shift+X' or 'Shift+F10'</ShortCut>
          <Description>Run 'ForArrayDemo'</Description>
          <Count>1</Count>
        </Item>
      </Statistic>
      <Statistic Action="Run 'Tests in 'com.cisc.service.gtrade.util''">
        <Item>
          <IdeaActionID>RunClass</IdeaActionID>
          <ShortCut>'Ctrl+Shift+F10'</ShortCut>
          <Description>Run 'Tests in 'com.cisc.service.gtrade.util''</Description>
          <Count>1</Count>
        </Item>
      </Statistic>
      <Statistic Action="Run 'TradeClient.main()'">
        <Item>
          <IdeaActionID>RunClass</IdeaActionID>
          <ShortCut>'Ctrl+Shift+F10'</ShortCut>
          <Description>Run 'TradeClient.main()'</Description>
          <Count>2</Count>
        </Item>
      </Statistic>
      <Statistic Action="Run 'TradeServer.main()'">
        <Item>
          <IdeaActionID>RunClass</IdeaActionID>
          <ShortCut>'Ctrl+Shift+F10'</ShortCut>
          <Description>Run 'TradeServer.main()'</Description>
          <Count>2</Count>
        </Item>
      </Statistic>
      <Statistic Action="Run 'VariableDemo'">
        <Item>
          <IdeaActionID>RunClass</IdeaActionID>
          <ShortCut>'Ctrl+Shift+F10'</ShortCut>
          <Description>Run 'VariableDemo'</Description>
          <Count>1</Count>
        </Item>
      </Statistic>
      <Statistic Action="Run Inspection by Name...">
        <Item>
          <IdeaActionID>RunInspection</IdeaActionID>
          <ShortCut>'Ctrl+Alt+Shift+I'</ShortCut>
          <Description>Run Inspection by Name...</Description>
          <Count>3</Count>
        </Item>
      </Statistic>
      <Statistic Action="Run Scala Console">
        <Item>
          <IdeaActionID>Scala.RunConsole</IdeaActionID>
          <ShortCut>'Ctrl+Shift+D'</ShortCut>
          <Description>Run Scala Console</Description>
          <Count>5</Count>
        </Item>
      </Statistic>
      <Statistic Action="Run to Cursor">
        <Item>
          <IdeaActionID>RunToCursor</IdeaActionID>
          <ShortCut>'Alt+F9'</ShortCut>
          <Description>Run to Cursor</Description>
          <Count>1</Count>
        </Item>
      </Statistic>
      <Statistic Action="Settings...">
        <Item>
          <IdeaActionID>ShowSettings</IdeaActionID>
          <ShortCut>'Ctrl+Alt+S'</ShortCut>
          <Description>Settings...</Description>
          <Count>83</Count>
        </Item>
      </Statistic>
      <Statistic Action="Show Dependencies...">
        <Item>
          <IdeaActionID>ShowUmlDiagram</IdeaActionID>
          <ShortCut>'Ctrl+Alt+Shift+U'</ShortCut>
          <Description>Show Dependencies...</Description>
          <Count>7</Count>
        </Item>
      </Statistic>
      <Statistic Action="Show Diagram Popup...">
        <Item>
          <IdeaActionID>ShowUmlDiagramPopup</IdeaActionID>
          <ShortCut>'Ctrl+Alt+U'</ShortCut>
          <Description>Show Diagram Popup...</Description>
          <Count>1</Count>
        </Item>
      </Statistic>
      <Statistic Action="Show Diagram...">
        <Item>
          <IdeaActionID>ShowUmlDiagram</IdeaActionID>
          <ShortCut>'Ctrl+Alt+Shift+U'</ShortCut>
          <Description>Show Diagram...</Description>
          <Count>9</Count>
        </Item>
      </Statistic>
      <Statistic Action="Step Into">
        <Item>
          <IdeaActionID>StepInto</IdeaActionID>
          <ShortCut>'F7'</ShortCut>
          <Description>Step Into</Description>
          <Count>5</Count>
        </Item>
      </Statistic>
      <Statistic Action="Step Out">
        <Item>
          <IdeaActionID>StepOut</IdeaActionID>
          <ShortCut>'Shift+F8'</ShortCut>
          <Description>Step Out</Description>
          <Count>3</Count>
        </Item>
      </Statistic>
      <Statistic Action="Stop ':bootRun'">
        <Item>
          <IdeaActionID>Stop</IdeaActionID>
          <ShortCut>'Ctrl+F2'</ShortCut>
          <Description>Stop ':bootRun'</Description>
          <Count>306</Count>
        </Item>
      </Statistic>
      <Statistic Action="Stop 'EcfStockService [bootRepackage]'">
        <Item>
          <IdeaActionID>Stop</IdeaActionID>
          <ShortCut>'Ctrl+F2'</ShortCut>
          <Description>Stop 'EcfStockService [bootRepackage]'</Description>
          <Count>1</Count>
        </Item>
      </Statistic>
      <Statistic Action="Stop 'EcfStockService [bootRun]'">
        <Item>
          <IdeaActionID>Stop</IdeaActionID>
          <ShortCut>'Ctrl+F2'</ShortCut>
          <Description>Stop 'EcfStockService [bootRun]'</Description>
          <Count>161</Count>
        </Item>
      </Statistic>
      <Statistic Action="Stop 'NetWordCount'">
        <Item>
          <IdeaActionID>Stop</IdeaActionID>
          <ShortCut>'Ctrl+F2'</ShortCut>
          <Description>Stop 'NetWordCount'</Description>
          <Count>7</Count>
        </Item>
      </Statistic>
      <Statistic Action="Stop 'Scala Console'">
        <Item>
          <IdeaActionID>Stop</IdeaActionID>
          <ShortCut>'Ctrl+F2'</ShortCut>
          <Description>Stop 'Scala Console'</Description>
          <Count>3</Count>
        </Item>
      </Statistic>
      <Statistic Action="Stop 'Server'">
        <Item>
          <IdeaActionID>Stop</IdeaActionID>
          <ShortCut>'Ctrl+F2'</ShortCut>
          <Description>Stop 'Server'</Description>
          <Count>4</Count>
        </Item>
      </Statistic>
      <Statistic Action="Stop 'SpringBootCaffeineCacheApplication'">
        <Item>
          <IdeaActionID>Stop</IdeaActionID>
          <ShortCut>'Ctrl+F2'</ShortCut>
          <Description>Stop 'SpringBootCaffeineCacheApplication'</Description>
          <Count>1</Count>
        </Item>
      </Statistic>
      <Statistic Action="Stop 'StreamingWordCount'">
        <Item>
          <IdeaActionID>Stop</IdeaActionID>
          <ShortCut>'Ctrl+F2'</ShortCut>
          <Description>Stop 'StreamingWordCount'</Description>
          <Count>2</Count>
        </Item>
      </Statistic>
      <Statistic Action="Stop 'WordCount2'">
        <Item>
          <IdeaActionID>Stop</IdeaActionID>
          <ShortCut>'Ctrl+F2'</ShortCut>
          <Description>Stop 'WordCount2'</Description>
          <Count>1</Count>
        </Item>
      </Statistic>
      <Statistic Action="Stop 'ciccfislservice [bootRun]'">
        <Item>
          <IdeaActionID>Stop</IdeaActionID>
          <ShortCut>'Ctrl+F2'</ShortCut>
          <Description>Stop 'ciccfislservice [bootRun]'</Description>
          <Count>23</Count>
        </Item>
      </Statistic>
      <Statistic Action="Stop 'pid 9116'">
        <Item>
          <IdeaActionID>Stop</IdeaActionID>
          <ShortCut>'Ctrl+F2'</ShortCut>
          <Description>Stop 'pid 9116'</Description>
          <Count>1</Count>
        </Item>
      </Statistic>
      <Statistic Action="Stop 'trunk [bootRun]'">
        <Item>
          <IdeaActionID>Stop</IdeaActionID>
          <ShortCut>'Ctrl+F2'</ShortCut>
          <Description>Stop 'trunk [bootRun]'</Description>
          <Count>83</Count>
        </Item>
      </Statistic>
      <Statistic Action="Stop...">
        <Item>
          <IdeaActionID>Stop</IdeaActionID>
          <ShortCut>'Ctrl+F2'</ShortCut>
          <Description>Stop...</Description>
          <Count>18</Count>
        </Item>
      </Statistic>
      <Statistic Action="Structure">
        <Item>
          <IdeaActionID>ActivateStructureToolWindow</IdeaActionID>
          <ShortCut>'Alt+7'</ShortCut>
          <Description>Structure</Description>
          <Count>6</Count>
        </Item>
      </Statistic>
      <Statistic Action="TODO">
        <Item>
          <IdeaActionID>ActivateTODOToolWindow</IdeaActionID>
          <ShortCut>'Alt+6'</ShortCut>
          <Description>TODO</Description>
          <Count>31</Count>
        </Item>
      </Statistic>
      <Statistic Action="Terminal">
        <Item>
          <IdeaActionID>ActivateTerminalToolWindow</IdeaActionID>
          <ShortCut>'Alt+F12'</ShortCut>
          <Description>Terminal</Description>
          <Count>21</Count>
        </Item>
      </Statistic>
      <Statistic Action="Toggle Line Breakpoint">
        <Item>
          <IdeaActionID>ToggleLineBreakpoint</IdeaActionID>
          <ShortCut>'Ctrl+F8'</ShortCut>
          <Description>Toggle Line Breakpoint</Description>
          <Count>1344</Count>
        </Item>
      </Statistic>
      <Statistic Action="Type Hierarchy">
        <Item>
          <IdeaActionID>TypeHierarchy</IdeaActionID>
          <ShortCut>'F4'</ShortCut>
          <Description>Type Hierarchy</Description>
          <Count>1</Count>
        </Item>
      </Statistic>
      <Statistic Action="Version Control">
        <Item>
          <IdeaActionID>ActivateVersionControlToolWindow</IdeaActionID>
          <ShortCut>'Alt+9' or 'Alt+Shift+9'</ShortCut>
          <Description>Version Control</Description>
          <Count>7</Count>
        </Item>
      </Statistic>
      <Statistic Action="View Breakpoints...">
        <Item>
          <IdeaActionID>ViewBreakpoints</IdeaActionID>
          <ShortCut>'Ctrl+Shift+F8'</ShortCut>
          <Description>View Breakpoints...</Description>
          <Count>12</Count>
        </Item>
      </Statistic>
      <Statistic Action="Zoom Out">
        <Item>
          <IdeaActionID>Graph.ZoomOut</IdeaActionID>
          <ShortCut>'NumPad -' or '减号'</ShortCut>
          <Description>Zoom Out</Description>
          <Count>1</Count>
        </Item>
      </Statistic>
    </option>
  </component>
</application>